{"train/loss": 1.4926, "train/grad_norm": 0.790776252746582, "train/learning_rate": 1.9996829223075363e-05, "train/epoch": 0.013119055428009183, "train/global_step": 100, "_timestamp": 1717965984.3754642, "_runtime": 972.5899240970612, "_step": 9}